{
  "zoi": [
    {
      "x": 124.0078125,
      "y": 182.7265625
    },
    {
      "x": 480.3359375,
      "y": 360.7265625
    }
  ],
  "ppmm": 0.23
}
